date,weight_kg,height_cm,age,gender,activity_level,bmi,bmi_category,bmr,tdee
2026-05-10,82.1,175.0,28,Male,Moderately active (3-5 days/week),26.81,Overweight,1779.8,2758.7
2026-05-12,81.8,175.0,28,Male,Moderately active (3-5 days/week),26.71,Overweight,1776.8,2754.0
2026-05-15,81.4,175.0,28,Male,Moderately active (3-5 days/week),26.58,Overweight,1772.8,2747.8
2026-05-17,81.7,175.0,28,Male,Moderately active (3-5 days/week),26.68,Overweight,1775.8,2752.5
2026-05-19,82.0,175.0,28,Male,Moderately active (3-5 days/week),26.78,Overweight,1778.8,2757.1
2026-05-22,81.5,175.0,28,Male,Moderately active (3-5 days/week),26.61,Overweight,1773.8,2749.4
2026-05-24,81.0,175.0,28,Male,Moderately active (3-5 days/week),26.45,Overweight,1768.8,2741.6
2026-05-26,80.9,175.0,28,Male,Moderately active (3-5 days/week),26.42,Overweight,1767.8,2740.1
2026-05-28,81.0,175.0,28,Male,Moderately active (3-5 days/week),26.45,Overweight,1768.8,2741.6
2026-05-31,80.2,175.0,28,Male,Moderately active (3-5 days/week),26.19,Overweight,1760.8,2729.2
2026-06-02,80.9,175.0,28,Male,Moderately active (3-5 days/week),26.42,Overweight,1767.8,2740.1
2026-06-05,80.1,175.0,28,Male,Moderately active (3-5 days/week),26.16,Overweight,1759.8,2727.7
2026-06-08,80.1,175.0,28,Male,Moderately active (3-5 days/week),26.16,Overweight,1759.8,2727.7
2026-06-11,79.7,175.0,28,Male,Moderately active (3-5 days/week),26.02,Overweight,1755.8,2721.5
2026-06-14,79.8,175.0,28,Male,Moderately active (3-5 days/week),26.06,Overweight,1756.8,2723.0
2026-06-16,80.1,175.0,28,Male,Moderately active (3-5 days/week),26.16,Overweight,1759.8,2727.7
2026-06-19,79.6,175.0,28,Male,Moderately active (3-5 days/week),25.99,Overweight,1754.8,2719.9
2026-06-21,79.6,175.0,28,Male,Moderately active (3-5 days/week),25.99,Overweight,1754.8,2719.9
2026-06-23,79.3,175.0,28,Male,Moderately active (3-5 days/week),25.89,Overweight,1751.8,2715.3
2026-06-25,79.7,175.0,28,Male,Moderately active (3-5 days/week),26.02,Overweight,1755.8,2721.5
2026-06-28,79.0,175.0,28,Male,Moderately active (3-5 days/week),25.8,Overweight,1748.8,2710.6
2026-06-30,79.6,175.0,28,Male,Moderately active (3-5 days/week),25.99,Overweight,1754.8,2719.9
2026-07-03,78.8,175.0,28,Male,Moderately active (3-5 days/week),25.73,Overweight,1746.8,2707.5
2026-07-06,78.7,175.0,28,Male,Moderately active (3-5 days/week),25.7,Overweight,1745.8,2706.0
2026-07-08,78.9,175.0,28,Male,Moderately active (3-5 days/week),25.76,Overweight,1747.8,2709.1
